ticker,name,last_close,dollar_vol_20d,rsi,sma200,wma20,ema9,ema21,macd,macd_signal,below_sma200,below_wma20,cross_up,cross_down,rsi_buy,rsi_sell,p_tbv,tbvps,fcf,debt_to_equity,current_ratio,tbv_yoy,q_ptbv,q_fcf,q_dte,q_cr,q_tbv_growth,value_hit,confluence
LAC,Lithium Americas Corp,3.32,35647592.0,26.7,5.1204,4.4945,3.6634,3.9774,-0.3308,-0.2993,True,True,False,False,True,False,0.8581,3.869,-1303825280.0,0.468,7.36,0.6673,True,False,True,True,True,False,3
STNE,StoneCo Ltd,11.21,43282541.0,55.07,14.558,12.1692,10.9177,10.9068,-0.0246,-0.0602,True,True,True,True,False,False,1.3965,8.0273,2311869440.0,1.3364,1.335,0.4258,False,True,False,True,True,False,3
BNG,Bunge Global SA,0.095,24.0,4.76,189.0882,222.8897,216.2895,239.475,-13.4248,4.8281,True,True,False,False,True,False,,,,,,,False,False,False,False,False,False,3
NSANY,Nissan Motor Co,3.91,1059533.0,43.43,4.7257,4.432,3.8938,4.0131,-0.1463,-0.1636,True,True,False,False,False,False,0.2421,16.1504,-1342245437440.0,1.7018,1.56,-0.1818,True,False,False,True,False,False,2
TV,Grupo Televisa,2.77,2359929.0,51.17,2.8745,2.8655,2.7271,2.7464,-0.0241,-0.0266,True,True,False,False,False,False,0.461,6.0093,2405078272.0,0.8488,2.387,-0.1393,True,True,True,True,False,False,2
KEP,Korea Electric Power,12.39,13740756.0,47.12,15.9507,14.407,12.3242,12.4962,-0.2447,-0.2904,True,True,False,False,False,False,0.4904,25.2632,5256119844864.0,2.5555,0.429,0.211,True,True,False,False,True,False,2
WB,Weibo Corp,7.72,9585845.0,55.14,9.6511,8.3495,7.5536,7.5569,-0.0661,-0.145,True,True,False,False,False,False,0.5134,15.0356,,0.4743,3.021,0.1384,True,False,True,True,True,False,2
BSBR,Banco Santander Brasil,5.39,10580269.0,54.57,5.9185,5.6745,5.2133,5.2562,-0.0646,-0.0824,True,True,False,False,False,False,0.5582,9.6556,,,,0.0609,True,False,False,False,True,False,2
MBGAF,Mercedes-Benz Group AG,50.36,1643993.0,37.43,63.2935,58.308,51.0031,52.2973,-1.5954,-1.7614,True,True,False,False,False,False,0.5714,88.1367,-4120750080.0,1.0452,1.389,-0.0065,True,False,False,True,False,False,2
ERIC,Ericsson LM,11.35,118370909.0,47.07,10.6026,11.6916,11.1819,11.4191,-0.2948,-0.3487,False,True,False,False,False,False,0.7596,14.9425,29486125056.0,0.381,1.121,1.0716,True,True,True,True,True,True,2
LND,BrasilAgro,3.67,162401.0,53.08,3.823,3.89,3.5986,3.621,-0.0382,-0.0542,True,True,False,False,False,False,0.9293,3.949,-162346256.0,0.7074,1.474,-0.0091,True,False,True,True,False,False,2
SPCE,Virgin Galactic Holdings,2.57,118408698.0,41.39,3.2469,3.0545,2.7292,3.0552,-0.3108,-0.2548,True,True,False,False,False,False,0.9352,2.748,-313179616.0,1.6481,1.003,-0.1499,True,False,False,True,False,False,2
PAGS,PagSeguro Digital,9.25,29104357.0,56.24,9.8581,9.6088,9.0039,8.9923,-0.03,-0.0769,True,True,False,False,False,False,1.166,7.9334,5231180800.0,0.1759,1.425,-0.0234,False,True,True,True,False,False,2
BIDU,Baidu Inc,117.53,238537019.0,50.79,127.4692,120.6875,115.067,115.8889,-1.9773,-3.4351,True,True,False,False,False,False,1.3114,89.622,7958624768.0,0.322,1.852,-0.0618,False,True,True,True,False,False,2
SUZ,Suzano SA,8.07,25483419.0,48.81,9.2384,8.9753,7.976,8.0445,-0.105,-0.1351,True,True,False,False,False,False,1.522,5.3023,-1823903104.0,2.0235,3.515,0.697,False,False,False,True,True,False,2
STLA,Stellantis NV,5.5,115812057.0,30.13,8.7702,7.1155,5.6398,6.0433,-0.4489,-0.4391,True,True,False,False,False,False,1.5516,3.5447,-5823000064.0,0.7866,1.035,-0.6829,False,False,True,True,False,False,2
MUX,McEwen Mining,17.88,26561335.0,43.13,20.9953,21.546,18.1028,18.6162,-0.6775,-0.7847,True,True,False,False,False,False,1.6232,11.015,21460376.0,0.1965,1.136,0.1036,False,True,True,True,True,False,2
BASFY,BASF SE,13.5,2210268.0,38.4,13.7355,14.4926,13.5447,13.7879,-0.296,-0.3241,True,True,False,False,False,False,1.714,7.8765,-1570625024.0,0.6672,1.913,-0.0048,False,False,True,True,False,False,2
JD,JD.com Inc,28.2,227204343.0,55.86,29.0485,28.4028,27.128,27.3071,-0.4344,-0.7678,True,True,False,False,False,False,1.7746,15.8908,7005875200.0,0.3848,1.18,-0.0879,False,True,True,True,False,False,2
PKX,POSCO Holdings,52.28,25300441.0,37.74,59.8782,64.5445,52.0419,55.6627,-4.3134,-4.6355,True,True,False,False,False,False,1.8543,28.1943,-1966300200960.0,0.4997,1.898,-0.0063,False,False,True,True,False,False,2
CDE,Coeur Mining,15.98,742982267.0,44.35,18.9669,18.7423,16.1962,16.6134,-0.4678,-0.4496,True,True,False,False,False,False,1.9574,8.1638,511841376.0,0.0743,3.731,1.3924,False,True,True,True,True,False,2
TCOM,Trip.com Group,42.8,161082809.0,43.99,59.7576,49.1125,41.8455,43.3286,-1.7903,-1.9422,True,True,False,False,False,False,2.0411,20.9686,,0.1882,1.53,0.3905,False,False,True,True,True,False,2
XP,XP Inc,16.92,100367441.0,57.5,18.0964,17.8456,16.2178,16.1373,-0.0428,-0.1938,True,True,False,False,False,False,2.1105,8.0172,,6.7735,1.39,0.1938,False,False,False,True,True,False,2
URBN,Urban Outfitters,68.83,83005865.0,42.64,70.2505,69.6095,69.7457,71.0289,-1.0313,-0.5241,True,True,False,False,False,False,2.2569,30.497,4627125.0,0.4614,1.476,0.1391,False,True,True,True,True,False,2
BABA,Alibaba Group,112.33,1479908934.0,56.0,145.3908,123.7219,104.7691,106.5963,-3.7857,-6.1737,True,True,False,False,False,False,2.2597,49.7107,-44074250240.0,0.2501,1.282,0.0902,False,False,True,True,True,False,2
PAAS,Pan American Silver,43.67,219490256.0,39.77,50.1782,53.4254,44.4809,46.3255,-2.1337,-2.1701,True,True,False,False,False,False,2.5026,17.45,1300125056.0,0.1149,2.84,0.4875,False,True,True,True,True,False,2
HMY,Harmony Gold Mining,15.11,63142622.0,45.1,18.2088,16.6174,15.2956,15.6612,-0.3863,-0.3502,True,True,False,False,False,False,2.9566,5.1106,15133625344.0,0.2547,0.542,0.1737,False,True,True,False,True,False,2
GOLD,Barrick Gold Corp,39.45,17131544.0,40.12,39.5263,44.1141,41.7516,41.983,-0.1695,0.005,True,True,False,True,False,False,3.0368,12.9907,-743910528.0,1.8241,1.176,-0.0735,False,False,False,True,False,False,2
KGC,Kinross Gold,24.14,228335754.0,42.8,28.9547,29.3793,24.1408,24.9839,-1.0468,-1.1494,True,True,False,False,False,False,3.1684,7.619,2837012480.0,0.0831,2.842,0.2499,False,True,True,True,True,False,2
NEM,Newmont Corp,95.29,831764714.0,43.29,103.4927,108.3953,95.5182,97.9146,-2.8795,-3.0691,True,True,False,False,False,False,3.1768,29.9954,9804874752.0,0.1576,2.443,0.1444,False,True,True,True,True,False,2
SWKS,Skyworks Solutions,60.38,371821560.0,36.8,65.0657,64.1895,62.5967,66.4484,-3.3503,-2.1558,True,True,False,False,False,False,3.2718,18.4545,687837504.0,0.2063,2.376,-0.1497,False,True,True,True,False,False,2
CCL,Carnival Corp,26.83,708695722.0,44.55,28.0524,27.0912,27.326,27.8199,-0.2634,0.1264,True,True,False,False,False,False,3.312,8.1008,1899374976.0,2.0156,0.334,0.4019,False,True,False,False,True,False,2
DOW,Dow Inc,29.03,373814584.0,39.37,29.6526,35.0747,28.6906,30.0312,-1.6529,-1.8422,True,True,False,False,False,False,3.3565,8.6489,-675875008.0,1.1713,1.848,-0.0743,False,False,False,True,False,False,2
AEM,Agnico Eagle Mines,146.87,470066102.0,36.0,184.5254,188.1818,151.3505,157.5414,-6.9328,-6.5937,True,True,False,False,False,False,3.3596,43.7163,4282917376.0,0.0121,3.148,0.2345,False,True,True,True,True,False,2
SID,Cia Siderurgica Nacional,1.01,4464878.0,45.12,1.4842,1.2325,0.9614,1.0225,-0.0748,-0.0838,True,True,False,False,False,False,3.7231,0.2713,-2192784384.0,3.2393,1.11,0.02,False,False,False,True,True,False,2
HL,Hecla Mining,15.82,500597034.0,48.83,18.0936,17.9905,15.6844,15.8158,-0.2564,-0.3759,True,True,False,False,False,False,4.1274,3.8329,277069760.0,0.1109,4.94,0.2707,False,True,True,True,True,False,2
NKE,Nike Inc,44.37,1214003616.0,55.27,56.2057,46.7451,43.1477,43.2118,-0.2167,-0.4091,True,True,False,False,False,False,4.5992,9.6474,,0.7422,1.961,-0.0874,False,False,True,True,False,False,2
COIN,Coinbase Global,159.07,1191760080.0,46.77,226.666,179.178,159.3121,161.211,-3.539,-5.2323,True,True,False,False,False,False,4.9836,31.9186,2407562752.0,0.5908,2.141,0.015,False,True,True,True,True,False,2
NXE,NexGen Energy,9.67,51716076.0,44.52,10.5884,11.2645,9.5473,9.8812,-0.398,-0.4191,True,True,False,False,False,False,5.3526,1.8066,-280498752.0,0.4247,1.366,0.5539,False,False,True,True,True,False,2
DIS,Walt Disney Co,95.62,1113037432.0,39.17,105.6694,100.9835,97.2546,98.7301,-1.4442,-1.1358,True,True,False,False,False,False,6.1766,15.4811,3751375104.0,0.4107,0.679,0.6417,False,True,True,False,True,False,2
SONY,Sony Corp,20.85,107726895.0,50.62,23.9673,21.019,20.7839,20.7434,-0.0577,-0.2055,True,True,False,False,False,False,6.1976,3.3642,-1357953368064.0,0.1951,1.182,-0.1397,False,False,True,True,False,False,2
NG,NovaGold Resources,5.97,30844396.0,36.82,9.1447,8.621,6.2066,6.6663,-0.5106,-0.4929,True,True,False,False,False,False,6.2188,0.96,-23863124.0,0.4141,112.823,,False,False,True,True,False,False,2
GFI,Gold Fields Ltd,34.14,143185530.0,44.03,43.2684,42.3604,34.0413,35.0838,-1.3773,-1.5938,True,True,False,False,False,False,7.2423,4.714,2546112512.0,0.3714,1.793,0.6212,False,True,True,True,True,False,2
ABT,Abbott Laboratories,93.93,1180698506.0,56.45,110.5321,95.8435,93.9669,92.4169,1.4724,1.1942,True,True,False,False,False,False,7.2589,12.9401,6341125120.0,0.6477,1.388,0.2602,False,True,True,True,True,False,2
ISRG,Intuitive Surgical,406.78,992708971.0,44.99,488.0215,445.9835,413.5027,414.1491,-2.3384,-4.0262,True,True,False,False,False,False,8.4303,48.2519,2254087424.0,,4.61,0.0859,False,True,False,True,True,False,2
GLOB,Globant SA,29.96,72415172.0,40.66,52.1891,40.8875,30.8269,32.3422,-1.9393,-2.2152,True,True,False,False,False,False,8.7128,3.4386,267834880.0,0.2112,1.818,0.4261,False,True,True,True,True,False,2
INFY,Infosys Ltd,10.94,248945231.0,44.86,14.9958,12.5286,10.9845,11.1727,-0.2662,-0.3341,True,True,False,False,False,False,10.7858,1.0143,3170249984.0,0.0983,1.978,-0.1536,False,True,True,True,False,False,2
MSFT,Microsoft Corp,385.1,17384408386.0,47.33,441.4582,398.9834,383.4838,386.9185,-5.4972,-7.8484,True,True,False,False,False,False,11.7769,32.6995,37011251200.0,0.3027,1.283,0.6552,False,True,True,True,True,False,2
SAP,SAP SE,157.86,368370177.0,44.89,210.6999,173.3636,158.6565,161.0349,-3.2417,-4.0393,True,True,False,False,False,False,11.8462,13.3258,8143750144.0,0.1733,1.069,0.1589,False,True,True,True,True,False,2
SPOT,Spotify Technology,479.77,810853823.0,51.39,539.2749,487.4695,479.5616,476.6692,1.6399,-0.7349,True,True,False,False,False,False,12.5021,38.3753,707750016.0,0.0594,2.06,0.685,False,True,True,True,True,False,2
ACN,Accenture PLC,135.23,1621984011.0,40.47,216.7599,176.5719,135.7939,142.3815,-8.8073,-10.6996,True,True,False,False,False,False,12.9536,10.4395,12089380864.0,0.2504,1.339,0.4652,False,True,True,True,True,False,2
WMT,Walmart Inc,113.9,2631596000.0,43.98,117.0643,122.8337,113.1606,115.2963,-2.4669,-2.5131,True,True,False,False,False,False,13.5106,8.4304,6862249984.0,0.7482,0.771,0.1392,False,True,True,False,True,False,2
TM,Toyota Motor Corp,176.45,91939986.0,49.8,204.6218,195.29,175.0815,175.4519,-1.5794,-2.9607,True,True,False,False,False,False,15.467,11.4081,-1204836106240.0,1.0706,1.274,0.1147,False,False,False,True,True,False,2
TJX,TJX Companies,151.34,905277553.0,39.18,153.1081,157.4835,153.3387,155.9766,-2.1662,-1.1602,True,True,False,False,False,False,16.2289,9.3253,4314250240.0,1.3631,1.139,0.2163,False,True,False,True,True,False,2
SNAP,Snap Inc,4.68,204275333.0,42.4,6.4348,5.1705,4.6779,4.8379,-0.206,-0.2445,True,True,False,False,False,False,17.5971,0.266,673405888.0,2.0158,3.525,-0.2676,False,True,False,True,False,False,2
NIO,NIO Inc,4.78,132391879.0,39.11,5.7078,5.5385,4.8816,5.0306,-0.1821,-0.1959,True,True,False,False,False,False,19.6654,0.2431,,1.833,1.009,-0.3142,False,False,False,True,False,False,2
COST,Costco Wholesale,916.25,2444631896.0,36.8,956.0514,988.7598,937.2306,951.7432,-15.3309,-13.603,True,True,False,False,False,False,24.5788,37.278,6954375168.0,0.6026,1.072,0.2346,False,True,True,True,True,False,2
PLTR,Palantir Technologies,126.79,5349672009.0,48.04,156.8168,138.7665,127.5155,127.7465,-1.4467,-3.0532,True,True,False,False,False,False,35.9688,3.525,1752997120.0,0.0248,6.907,0.4765,False,True,True,True,True,False,2
LVS,Las Vegas Sands,46.69,209987469.0,39.76,56.0763,51.7205,46.6618,47.6202,-1.1343,-1.1915,True,True,False,False,False,False,40.3963,1.1558,1622625024.0,9.814,0.921,-0.5652,False,True,False,False,False,False,2
ADBE,Adobe Inc,223.64,1782375604.0,53.38,285.1603,239.4265,217.4722,217.6103,-2.989,-6.8058,True,True,False,False,False,False,,,9218374656.0,0.6144,0.751,-4.2318,False,True,True,False,False,False,2
AZN,AstraZeneca PLC,171.61,408506622.0,38.13,183.2956,189.1665,183.6801,184.1037,-0.0859,0.7137,True,True,False,True,False,False,,,6558875136.0,0.7181,0.909,,False,True,True,False,False,False,2
T,AT&T Inc,21.13,1504811898.0,36.7,25.3904,25.371,21.1912,21.8784,-0.8081,-0.8356,True,True,False,False,False,False,,,8849000448.0,1.2723,0.918,,False,True,False,False,False,False,2
AVY,Avery Dennison Corp,160.71,115124225.0,49.21,171.4522,165.8058,161.7175,161.2996,0.5769,0.8764,True,True,False,False,False,False,,,809049984.0,1.6475,1.15,,False,True,False,True,False,False,2
CAR,Avis Budget Group,156.19,106635972.0,42.42,158.0034,179.7485,159.1644,166.1096,-7.4679,-6.6684,True,True,False,False,False,False,,,168000000.0,,0.775,,False,True,False,False,False,False,2
BIOX,Bioceres Crop Solutions,0.3432,80212.0,40.99,0.9483,0.4531,0.3429,0.3648,-0.0263,-0.028,True,True,False,False,False,False,,,,2.5105,0.876,-2.1634,False,False,False,False,False,False,2
BAK,Braskem SA,2.61,8206811.0,35.74,3.3719,3.7003,2.5529,2.8616,-0.3606,-0.3832,True,True,False,False,False,False,,,-6892624896.0,,0.71,,False,False,False,False,False,False,2
SBS,Cia Saneamento Basico,6.06,36362913.0,52.84,20.0818,14.1345,5.7959,5.7814,-0.1691,-0.3273,True,True,False,False,False,False,,,-10152844288.0,1.1784,1.739,,False,False,False,True,False,False,2
XLC,Communication Services Select Sector ETF,111.64,835653620.0,54.15,114.523,113.4565,109.9699,110.1272,-0.6204,-1.22,True,True,False,False,False,False,,,,,,,False,False,False,False,False,False,2
CAAP,Corp America Airports,24.72,5142039.0,42.09,24.8506,25.5375,25.0932,25.5128,-0.323,-0.1271,True,True,False,False,False,False,,,606650368.0,0.5814,1.402,,False,True,True,True,False,False,2
DTEGY,Deutsche Telekom AG,29.88,19047430.0,46.58,32.8261,33.5537,29.2218,29.9611,-0.9055,-1.014,True,True,False,False,False,False,,,18050500608.0,1.6187,1.18,,False,True,False,True,False,False,2
DEO,Diageo PLC,82.03,85688065.0,51.88,86.5755,80.66,81.4875,81.4306,0.0549,0.04,True,False,True,True,False,False,,,958124992.0,1.7738,1.604,,False,True,False,True,False,False,2
EFX,Equifax Inc,166.44,299210751.0,52.09,196.5269,175.0248,166.1929,164.5736,0.7459,-0.5876,True,True,False,False,False,False,,,1024662528.0,1.1335,0.607,,False,True,False,False,False,False,2
FNMA,Fannie Mae,6.34,26202190.0,46.59,8.7194,6.862,6.2647,6.4546,-0.2092,-0.1957,True,True,False,False,False,False,,,,37.0366,130.345,,False,False,False,True,False,False,2
FMCC,Freddie Mac,5.92,13068460.0,49.66,7.9897,6.122,5.7383,5.8785,-0.1508,-0.1361,True,True,False,False,False,False,,,,46.1329,96.523,,False,False,False,True,False,False,2
PAC,Grupo Aeroportuario Pacifico,235.64,25041153.0,41.54,246.5326,244.4325,242.1599,243.7884,-0.6908,1.1371,True,True,False,True,False,False,,,1832582400.0,2.2633,1.469,,False,True,False,True,False,False,2
ASR,Grupo Aeroportuario Sur,285.12,20710258.0,39.84,319.2489,313.0456,293.9193,297.1482,-2.3431,-0.1257,True,True,False,True,False,False,,,3374900224.0,0.7152,3.393,,False,True,True,True,False,False,2
HSY,Hershey Co,173.66,429073985.0,42.73,192.0221,195.3475,175.7149,178.076,-2.7049,-2.5974,True,True,False,False,False,False,,,1527240576.0,1.2001,1.24,,False,True,False,True,False,False,2
IBIT,iShares Bitcoin Trust,36.23,1573767571.0,49.13,47.143,39.545,35.4416,35.91,-0.8888,-1.3484,True,True,False,False,False,False,,,,,,,False,False,False,False,False,False,2
FXI,iShares China Large-Cap ETF,33.48,903005699.0,50.36,37.5388,35.2308,32.8821,33.1929,-0.5205,-0.7557,True,True,False,False,False,False,,,,,,,False,False,False,False,False,False,2
LMT,Lockheed Martin,523.22,693737734.0,50.1,538.9335,564.2138,523.9994,522.2888,0.3173,-1.4413,True,True,False,False,False,False,,,3987124992.0,2.7637,1.135,,False,True,False,True,False,False,2
MCD,McDonald's Corp,274.6,1272015825.0,47.1,301.1714,294.3464,276.1202,276.4514,-0.9903,-1.6847,True,True,False,False,False,False,,,5952249856.0,,1.136,,False,True,False,True,False,False,2
NFLX,Netflix Inc,73.37,3648899569.0,39.04,94.9499,88.658,75.0217,76.6639,-2.2865,-2.7872,True,True,False,False,False,False,,,25993676800.0,0.5379,1.407,,False,True,True,True,False,False,2
ORLY,O'Reilly Automotive,86.28,767880760.0,44.42,94.3751,90.9855,87.1075,88.1708,-0.9783,-0.6197,True,True,False,True,False,False,,,1330813184.0,,0.755,,False,True,False,False,False,False,2
ORCL,Oracle Corp,140.64,5238449088.0,30.86,194.9786,168.1328,145.8984,159.7234,-14.1929,-12.8837,True,True,False,False,False,False,,,-24536750080.0,3.8887,1.115,,False,False,False,True,False,False,2
PEP,PepsiCo Inc,137.38,1409368554.0,40.71,148.6787,150.6893,140.6374,141.7728,-1.3512,-1.3216,True,True,False,False,False,False,,,8746250240.0,2.4484,0.897,,False,True,False,False,False,False,2
PFE,Pfizer Inc,24.17,1206160968.0,41.64,25.5824,26.1718,24.1977,24.5967,-0.4525,-0.4578,True,True,False,False,False,False,,,12376625152.0,0.716,1.247,,False,True,True,True,False,False,2
PG,Procter & Gamble,147.04,1400575541.0,47.94,147.7414,147.9006,148.5997,148.3681,0.5475,0.9532,True,True,False,False,False,False,,,12733750272.0,0.6765,0.732,,False,True,True,False,False,False,2
CRM,Salesforce Inc,163.32,2537513841.0,47.2,209.7098,178.5844,163.447,164.6247,-2.4547,-3.9487,True,True,False,False,False,False,,,16552999936.0,1.2428,0.786,-2.0278,False,True,False,False,False,False,2
TMUS,T-Mobile US,187.61,1093658592.0,55.98,201.6984,195.2142,181.4257,181.5457,-1.0029,-2.1525,True,True,False,False,False,False,,,11147374592.0,2.1857,1.087,,False,True,False,True,False,False,2
VZ,Verizon Communications,42.12,1504530439.0,34.48,44.1263,47.4615,42.8436,44.1184,-1.2743,-1.057,True,True,False,False,False,False,,,19608500224.0,1.9204,0.64,,False,True,False,False,False,False,2
HMC,Honda Motor Co,27.93,50252626.0,56.48,28.4008,25.9795,27.7395,27.2406,0.5101,0.4288,True,False,False,False,False,False,0.5339,52.3099,-1265908449280.0,1.1357,1.281,-0.015,True,False,False,True,False,False,1
GT,Goodyear Tire & Rubber,6.81,77544003.0,57.34,7.5565,6.6375,6.6567,6.482,0.1604,0.1216,True,False,False,False,False,False,0.8332,8.1736,145750000.0,2.5306,1.04,-0.1897,True,True,False,True,False,False,1
AGRO,Adecoagro SA,10.31,8645257.0,48.45,10.0054,11.964,9.8842,10.177,-0.4801,-0.6787,False,True,False,False,False,False,1.0005,10.3044,-72121248.0,1.1627,1.736,0.0522,False,False,False,True,True,False,1
PBR,Petrobras,17.32,252713704.0,50.49,15.7839,18.8993,16.815,17.0651,-0.4326,-0.6304,False,True,False,False,False,False,1.3515,12.8155,82932752384.0,0.8327,0.743,0.1389,False,True,True,False,True,False,1
E,ENI SPA,47.72,23789148.0,41.53,44.3977,51.9458,47.5996,48.7323,-1.4097,-1.6209,False,True,False,False,False,False,1.4291,33.3912,-939374976.0,0.6736,1.16,-0.0956,False,False,True,True,False,False,1
SHEL,Shell PLC,82.23,491676355.0,53.63,79.3544,85.6689,80.4075,80.7784,-0.9055,-1.5905,False,True,False,False,False,False,1.5767,52.1533,15633999872.0,0.4332,1.275,-0.0332,False,True,True,True,False,False,1
TTE,TotalEnergies SE,78.5,131494738.0,39.74,75.0183,85.9713,78.2012,80.3084,-2.5604,-2.8518,False,True,False,False,False,False,1.5983,49.1152,10052124672.0,0.513,1.076,-0.0506,False,True,True,True,False,False,1
CVX,Chevron Corp,176.4,1669408094.0,49.74,171.498,186.8358,173.186,175.2538,-2.9568,-3.8822,False,True,False,False,False,False,1.9464,90.6298,11776499712.0,0.2399,1.094,0.2311,False,True,True,True,True,False,1
XOM,Exxon Mobil,138.88,2420473378.0,44.53,135.6078,149.8857,138.6709,140.4788,-2.4549,-3.0207,False,True,False,False,False,False,2.2375,62.069,11630499840.0,0.1826,1.036,-0.0164,False,True,True,True,False,False,1
VALE,Vale SA,14.46,348020097.0,39.1,14.3663,15.8375,14.6557,15.0427,-0.3993,-0.3421,False,True,False,False,False,False,2.2695,6.3713,10600125440.0,0.5715,1.24,0.0727,False,True,True,True,True,False,1
FSLR,First Solar Inc,227.83,452927193.0,40.86,235.423,223.687,231.801,241.6615,-8.5582,-5.9222,True,False,False,False,False,False,2.4997,91.1426,1147664768.0,0.0594,2.557,0.1978,False,True,True,True,True,False,1
RIO,Rio Tinto PLC,90.54,261502891.0,35.64,86.2005,97.1014,92.1252,95.5193,-3.3405,-2.763,False,True,False,False,False,False,2.5923,34.9263,3495749888.0,0.3543,1.445,0.0856,False,True,True,True,True,False,1
VIST,Vista Energy,64.81,55604039.0,44.2,57.3685,68.429,63.9726,65.9309,-2.1999,-2.2859,False,True,False,False,False,False,2.6661,24.309,-821809856.0,1.4506,0.769,0.5605,False,False,False,False,True,False,1
IBN,ICICI Bank Ltd,29.0,223156384.0,57.25,29.0882,27.365,29.1347,28.5881,0.6414,0.694,True,False,False,False,False,False,2.8139,10.3058,,,,0.1541,False,False,False,False,True,False,1
YELP,Yelp Inc,25.81,31726787.0,58.79,27.1666,24.762,25.471,24.721,0.6362,0.3929,True,False,False,False,False,False,3.0905,8.3514,281926880.0,0.2455,1.739,-0.0509,False,True,True,True,False,False,1
FDX,FedEx Corp,314.69,682141968.0,46.25,307.1442,333.9182,314.2781,318.2427,-3.4923,-2.2544,False,True,False,False,False,False,3.1334,100.4297,5534374912.0,1.3569,1.475,0.0147,False,True,False,True,True,False,1
TS,Tenaris SA,55.57,62809053.0,41.14,49.0027,58.1481,55.3117,56.8481,-1.6243,-1.5393,False,True,False,False,False,False,3.5744,15.5468,1296321664.0,0.0273,4.145,0.0004,False,True,True,True,True,False,1
IP,International Paper,37.93,211666723.0,57.89,38.7662,35.5029,37.6871,36.922,0.9814,1.1673,True,False,False,False,False,False,3.6838,10.2965,1711250048.0,0.659,1.213,0.078,False,True,True,True,True,False,1
HAL,Halliburton Co,34.39,428928391.0,40.91,32.8904,37.5718,34.2198,35.3462,-1.3456,-1.4809,False,True,False,False,False,False,3.7041,9.2842,2027000064.0,0.7465,2.083,-0.0189,False,True,True,True,False,False,1
VOD,Vodafone Group,14.72,55478032.0,60.4,13.7279,14.8174,13.5812,13.8647,-0.3492,-0.4007,False,True,False,False,False,False,4.1072,3.5839,5167374848.0,1.0015,1.137,-0.2564,False,True,False,True,False,False,1
EQNR,Equinor ASA,33.92,129211905.0,49.35,29.9579,36.3786,33.2095,33.631,-0.7712,-1.1905,False,True,False,False,False,False,4.3664,7.7685,18090625024.0,0.73,1.239,-0.049,False,True,True,True,False,False,1
PYPL,PayPal Holdings,46.32,661011428.0,60.84,53.0507,45.3467,44.9111,44.1561,0.5166,0.1078,True,False,False,False,False,False,4.5511,10.1778,4083500032.0,0.5828,1.259,-0.0076,False,True,True,True,False,False,1
PINS,Pinterest Inc,22.52,326693339.0,61.01,23.5916,19.7605,22.0602,21.4573,0.5524,0.366,True,False,False,False,False,False,4.636,4.8577,1080373120.0,0.4227,4.226,-0.0005,False,True,True,True,False,False,1
FCX,Freeport-McMoRan,61.52,966323676.0,46.51,55.425,62.345,61.0065,62.6044,-1.4127,-0.9605,False,True,False,False,False,False,4.6386,13.2627,1709874944.0,0.3301,2.386,0.0766,False,True,True,True,True,False,1
SE,Sea Ltd,111.14,399380919.0,74.02,116.5538,89.696,103.8148,97.9897,5.2343,3.4141,True,False,False,False,False,True,5.3381,20.8203,885241600.0,0.2761,1.578,0.5065,False,True,True,True,True,False,1
VIV,Telefonica Brasil,13.94,13678271.0,60.73,13.7326,14.6045,13.4248,13.3417,0.0034,-0.1011,False,True,False,False,False,False,5.4514,2.5571,,0.2848,1.099,-0.0333,False,False,True,True,False,False,1
NU,Nu Holdings Ltd,13.76,750080143.0,59.91,15.2208,13.6825,13.4895,13.1749,0.252,0.137,True,False,False,False,False,False,5.8375,2.3572,,,,0.4932,False,False,False,False,True,False,1
BKR,Baker Hughes,57.56,536889556.0,46.2,55.6891,61.614,56.3603,57.878,-1.8746,-2.1535,False,True,False,False,False,False,6.4215,8.9636,3151249920.0,0.8294,2.132,0.2626,False,True,True,True,True,False,1
DOCU,DocuSign Inc,49.18,189060379.0,59.65,56.3549,46.9255,47.1056,46.4474,0.2819,-0.3678,True,False,False,False,False,False,7.1576,6.871,1250368768.0,0.1007,0.665,-0.0502,False,True,True,False,False,False,1
BP,BP PLC,39.2,385621190.0,46.86,38.7782,42.7349,38.4536,39.2638,-1.1128,-1.3961,False,True,False,False,False,False,11.0927,3.5339,10053125120.0,0.9638,1.219,-0.1169,False,True,True,True,False,False,1
SCCO,Southern Copper Corp,175.83,226674516.0,48.8,164.5304,180.1007,173.2895,176.2981,-3.0806,-2.8216,False,True,False,False,False,False,12.5016,14.0646,4255225088.0,0.6241,4.375,0.2047,False,True,True,True,True,False,1
SHOP,Shopify Inc,122.54,941191733.0,58.73,135.4962,116.705,119.7979,116.6027,2.8491,1.9125,True,False,False,False,False,False,13.2642,9.2384,1256749952.0,0.0143,6.196,0.1685,False,True,True,True,True,False,1
MELI,MercadoLibre Inc,1852.22,747360994.0,67.5,1927.0807,1707.1965,1780.1039,1726.3757,44.1342,23.0011,True,False,False,False,False,False,13.2827,139.4456,-4104624896.0,1.6998,1.161,0.5822,False,False,False,True,True,False,1
NGG,National Grid PLC,82.59,93420390.0,50.84,81.3441,84.6778,82.5725,82.3478,0.1082,-0.0418,False,True,False,False,False,False,14.4051,5.7334,-3125125120.0,1.2129,0.764,0.0525,False,False,False,False,True,False,1
NOW,ServiceNow Inc,107.71,2181664217.0,54.38,130.8314,102.6755,106.0846,104.2881,1.3024,0.19,True,False,False,False,False,False,14.8565,7.25,5108125184.0,0.2073,0.845,0.017,False,True,True,False,True,False,1
SLB,Schlumberger Ltd,47.76,735394755.0,41.55,45.4553,51.3838,47.1076,48.7291,-1.9192,-2.1122,False,True,False,False,False,False,16.4591,2.9017,3043124992.0,0.4251,1.341,0.2275,False,True,True,True,True,False,1
HDB,HDFC Bank Ltd,26.51,200420310.0,59.87,30.714,25.892,26.2566,25.6588,0.562,0.4386,True,False,False,False,False,False,18.2137,1.4555,,,,0.1925,False,False,False,False,True,False,1
TSLA,Tesla Inc,407.76,17719391035.0,51.4,418.068,394.437,403.8817,403.2054,-0.1496,-1.5613,True,False,False,False,False,False,18.9421,21.5267,5251999744.0,0.1874,2.043,0.1302,False,True,True,True,True,False,1
TXN,Texas Instruments,311.46,2903492009.0,55.14,217.7743,258.5833,302.8457,301.3907,2.0736,1.9714,False,False,True,False,False,False,23.486,13.2615,1068249984.0,0.8374,4.456,-0.0471,False,True,True,True,False,False,1
BKNG,Booking Holdings,178.39,1461079873.0,54.15,187.3283,171.598,178.2733,175.7345,3.0278,3.4063,True,False,False,False,False,False,,,7075125248.0,,1.057,,False,True,False,True,False,False,1
BMY,Bristol-Myers Squibb,57.58,672356440.0,53.17,53.7344,58.0736,57.2983,56.8738,0.2934,0.064,False,True,False,False,False,False,,,9851750400.0,2.3097,1.42,,False,True,False,True,False,False,1
XLP,Consumer Staples Select Sector ETF,84.12,1003031310.0,50.38,81.3692,83.9358,84.0671,84.0621,0.0301,0.059,False,False,True,True,False,False,,,,,,,False,False,False,False,False,False,1
DHR,Danaher Corp,199.05,715669275.0,63.48,203.6505,185.6512,193.9601,189.5913,4.4151,3.8023,True,False,False,False,False,False,,,4568500224.0,0.3717,1.868,,False,True,True,True,False,False,1
DANOY,Danone,16.59,10435770.0,62.25,16.6057,15.6156,16.5314,16.1002,0.4499,0.4128,True,False,False,False,False,False,,,2491249920.0,0.8909,0.905,,False,True,True,False,False,False,1
GILD,Gilead Sciences,129.83,1056831403.0,51.11,129.5926,133.7762,131.0845,129.3256,1.1673,0.1433,False,True,False,False,False,False,,,7934125056.0,0.9464,1.967,,False,True,True,True,False,False,1
GSK,GSK PLC,52.78,184167759.0,53.92,50.5849,53.3118,52.5884,52.2125,0.3456,0.2688,False,True,False,False,False,False,,,3019249920.0,1.097,0.792,,False,True,False,False,False,False,1
HD,Home Depot,343.3,1584828474.0,55.64,351.0671,331.7601,343.3737,338.2316,6.2823,7.2369,True,False,False,False,False,False,,,10128249856.0,4.5936,1.045,,False,True,False,True,False,False,1
HON,Honeywell International,226.42,1276611127.0,48.63,215.5813,237.6536,232.255,234.8852,-0.0808,4.059,False,True,False,False,False,False,,,2936875008.0,2.5739,1.385,,False,True,False,True,False,False,1
IVW,iShares S&P 500 Growth ETF,138.59,320297436.0,57.44,125.0397,128.206,136.7676,136.2036,0.5592,0.3327,False,False,True,False,False,False,,,,,,,False,False,False,False,False,False,1
PHG,Koninklijke Philips,27.4,25428099.0,54.62,27.8297,27.1862,27.4621,27.1361,0.3344,0.3048,True,False,False,False,False,False,,,1518125056.0,0.7091,1.317,,False,True,True,True,False,False,1
MA,Mastercard Inc,526.74,1915739280.0,60.77,528.6149,502.163,520.8586,510.8749,9.1662,6.6141,True,False,False,False,False,False,,,16148124672.0,2.8206,0.981,,False,True,False,False,False,False,1
MDT,Medtronic PLC,83.87,728119174.0,59.46,90.3001,83.169,82.2303,81.1423,0.9697,0.6608,True,False,False,False,False,False,,,4625375232.0,0.5821,2.126,,False,True,True,True,False,False,1
MDLZ,Mondelez International,58.83,591468922.0,43.99,58.2246,59.5118,59.4734,60.1675,-0.6033,-0.3921,False,True,False,False,False,False,,,2847500032.0,0.8379,0.542,,False,True,True,False,False,False,1
MSI,Motorola Solutions,422.88,418546997.0,59.3,417.5547,426.5771,417.9082,413.1605,3.5623,1.4241,False,True,False,False,False,False,,,1815124992.0,3.7413,1.071,,False,True,False,True,False,False,1
SPGI,S&P Global Inc,430.5,1062028530.0,54.04,459.6436,424.5588,427.8203,422.0896,4.2226,1.2356,True,False,False,False,False,False,,,5298874880.0,0.3839,0.677,,False,True,True,False,False,False,1
UL,Unilever NV,61.72,216351460.0,59.29,63.6234,60.0339,61.2924,60.2175,1.0982,0.9772,True,False,False,False,False,False,,,6273124864.0,1.6079,0.788,,False,True,False,False,False,False,1
TX,Ternium SA,44.3,21753479.0,47.46,40.7543,43.073,43.5063,44.5424,-0.9829,-0.8311,False,False,False,False,False,False,0.7708,57.4754,-557738496.0,0.1824,2.634,-0.0022,True,False,True,True,False,False,0
HOG,Harley-Davidson Inc,25.14,70103966.0,51.85,22.8077,22.7276,25.1275,25.0253,0.175,0.2306,False,False,False,False,False,False,0.8816,28.5156,168418624.0,0.7143,1.914,-0.0089,True,True,True,True,False,False,0
AIG,American International Group,79.17,316699562.0,59.76,77.1072,76.2689,78.5801,77.2107,1.2132,0.7888,False,False,False,False,False,False,1.1393,69.4892,9517249536.0,0.2265,0.611,-0.0369,False,True,True,False,False,False,0
GGB,Gerdau SA,4.5,69743126.0,57.54,3.9216,4.1731,4.2981,4.3223,-0.0503,-0.0899,False,False,False,False,False,False,1.1403,3.9464,2299379712.0,0.2902,2.758,-0.064,False,True,True,True,False,False,0
GM,General Motors,77.85,608421192.0,48.05,75.4934,77.2681,77.2244,78.1822,-0.8729,-0.6647,False,False,False,False,False,False,1.2066,64.5194,22466625536.0,1.9905,1.152,-0.03,False,True,False,True,False,False,0
BCS,Barclays PLC,27.48,121848135.0,59.76,23.4405,23.7875,27.2473,26.6287,0.7449,0.8013,False,False,False,False,False,False,1.2452,22.0679,,,,0.0937,False,False,False,False,True,False,0
BBD,Banco Bradesco,3.65,116047005.0,63.17,3.5565,3.6182,3.4711,3.4525,-0.0004,-0.0271,False,False,False,False,False,False,1.2908,2.8276,,,,0.0554,False,False,False,False,True,False,0
NMR,Nomura Holdings,9.66,11780201.0,74.96,8.1446,8.285,9.2988,9.0113,0.2827,0.2201,False,False,False,False,False,True,1.3237,7.2975,,9.842,1.541,-0.0015,False,False,False,True,False,False,0
C,Citigroup Inc,140.79,1834723368.0,54.68,115.9304,125.1283,140.5695,139.5014,1.9383,2.8433,False,False,False,False,False,False,1.5772,89.2652,,,,0.0114,False,False,False,False,True,False,0
AEG,Aegon Ltd,8.8,41657918.0,66.15,7.7675,7.8681,8.6773,8.5351,0.1474,0.1246,False,False,False,False,False,False,1.6358,5.3796,-204500000.0,0.5694,7.997,0.0324,False,False,True,True,True,False,0
ING,ING Groep,32.39,132070140.0,60.35,27.8884,28.9365,32.0362,31.4758,0.5926,0.5216,False,False,False,False,False,False,1.6603,19.5088,,,,-0.0162,False,False,False,False,False,False,0
LYG,Lloyds Banking Group,6.0,137447278.0,61.88,5.248,5.398,5.9331,5.7807,0.1579,0.1404,False,False,False,False,False,False,1.6655,3.6024,,,,0.0412,False,False,False,False,True,False,0
MUFG,Mitsubishi UFJ Financial,21.65,65129023.0,69.62,17.4306,18.619,20.9698,20.5012,0.4884,0.4105,False,False,False,False,False,False,1.9551,11.0738,,,,0.0897,False,False,False,False,True,False,0
MFG,Mizuho Financial Group,10.48,42987311.0,66.83,8.114,8.8655,10.1436,9.8908,0.2661,0.2279,False,False,False,False,False,False,1.965,5.3333,,,,0.0831,False,False,False,False,True,False,0
SAN,Banco Santander SA,13.87,112030847.0,59.74,11.6616,12.1855,13.8029,13.4844,0.3713,0.3867,False,False,False,False,False,False,1.9979,6.9423,,,,0.0822,False,False,False,False,True,False,0
GPRK,GeoPark Ltd,9.89,4950366.0,51.82,8.4411,9.4772,9.6372,9.7467,-0.1392,-0.1849,False,False,False,False,False,False,2.1866,4.523,144452128.0,2.1649,1.0,0.2091,False,True,False,True,True,False,0
WFC,Wells Fargo,87.16,1134388667.0,61.99,84.14,80.2213,86.0172,84.4253,1.7288,1.634,False,False,False,False,False,False,2.2277,39.1252,,,,0.0443,False,False,False,False,True,False,0
BAC,Bank of America,59.67,1923268008.0,66.01,52.4829,52.2545,58.8283,57.476,1.5391,1.5444,False,False,False,False,False,False,2.2475,26.5497,,,,0.032,False,False,False,False,True,False,0
BBVA,Banco Bilbao Vizcaya,25.69,39608269.0,63.94,21.7784,22.5161,25.3577,24.7096,0.7077,0.6722,False,False,False,False,False,False,2.4623,10.4335,,,,0.0251,False,False,False,False,True,False,0
UGP,Ultrapar Participacoes,6.0,14859382.0,76.62,4.759,5.389,5.4847,5.2684,0.1364,-0.0065,False,False,False,False,False,True,2.5799,2.3257,2887691776.0,1.1411,1.666,-0.068,False,True,False,True,False,False,0
TRV,Travelers Companies,338.92,657139788.0,69.6,292.3823,305.3418,335.2126,325.2599,10.2232,9.0024,False,False,False,False,False,False,2.6007,130.3179,13304375296.0,0.2898,0.335,0.2244,False,True,True,False,True,False,0
ITUB,Itau Unibanco,8.62,184150388.0,67.73,7.7435,8.2547,8.2604,8.1234,0.1078,0.0513,False,False,False,False,False,False,2.6381,3.2675,,,,-0.0358,False,False,False,False,False,False,0
USB,US Bancorp,62.41,539490911.0,63.57,52.9976,55.5521,61.6492,60.2,1.609,1.5804,False,False,False,False,False,False,2.6537,23.5184,,,,0.2125,False,False,False,False,True,False,0
ZM,Zoom Video Communications,89.76,331949045.0,48.54,87.3721,89.3298,88.04,89.6883,-2.2221,-2.8414,False,False,False,False,False,False,2.8411,31.5931,1981199232.0,0.006,4.221,0.0896,False,True,True,True,True,False,0
ARCO,Arcos Dorados Holdings,8.46,12058524.0,52.98,7.8918,8.4436,8.2808,8.3323,-0.0741,-0.0983,False,False,False,False,False,False,2.8491,2.9694,182470624.0,2.7865,0.803,0.408,False,True,False,False,True,False,0
AAP,Advance Auto Parts,57.95,93530122.0,49.51,52.4688,55.7194,57.7447,58.2601,-0.136,0.4581,False,False,False,True,False,False,2.8827,20.1027,-228000000.0,2.5531,1.778,0.0274,False,False,False,True,True,False,0
PSX,Phillips 66,188.36,497820228.0,64.14,153.7555,172.4001,181.6539,178.0327,2.7495,0.7548,False,False,False,False,False,False,2.8863,65.2598,-1134499968.0,0.9139,1.132,0.0815,False,False,True,True,True,False,0
ANF,Abercrombie & Fitch,93.07,107579641.0,60.45,89.6974,86.58,89.9256,88.0415,2.1385,2.2201,False,False,False,False,False,False,3.0858,30.161,283367872.0,0.9546,1.448,0.0511,False,True,True,True,True,False,0
PCAR,PACCAR Inc,124.57,396159707.0,59.16,112.8758,118.1231,122.5803,120.537,2.0227,1.6725,False,False,False,False,False,False,3.3182,37.542,1481787520.0,0.7616,5.558,0.1004,False,True,True,True,True,False,0
JPM,JPMorgan Chase,336.47,3390588765.0,60.14,307.4631,306.5842,333.8516,328.5234,6.2523,6.5568,False,False,False,False,False,False,3.4178,98.4472,,,,0.0684,False,False,False,False,True,False,0
GS,Goldman Sachs,1055.1801,2124921293.0,54.25,891.7606,939.7111,1045.1722,1042.8042,6.9404,11.0314,False,False,False,False,False,False,3.5926,293.7129,,6.786,1.5,0.0097,False,False,False,True,True,False,0
NUE,Nucor Corp,227.37,421067277.0,43.47,182.8106,210.6003,227.9003,234.0952,-4.9398,-2.7962,False,False,False,False,False,False,3.6728,61.907,-384100000.0,0.316,2.901,0.0689,False,False,True,True,True,False,0
MRNA,Moderna Inc,68.27,661096440.0,54.85,42.3822,54.182,72.5419,66.5824,6.3844,6.0702,False,False,False,False,False,False,3.7001,18.4507,-20000000.0,0.1752,2.409,-0.2087,False,False,True,True,False,False,0
RIOT,Riot Platforms,20.965,378980721.0,34.39,18.4499,20.277,22.884,24.4258,-1.0452,-0.1746,False,False,False,False,False,False,3.7258,5.627,-445848640.0,0.3663,1.078,-0.1449,False,False,True,True,False,False,0
TGT,Target Corp,135.14,626534413.0,56.46,109.7016,125.1152,132.1714,131.4964,1.0881,1.4701,False,False,False,False,False,False,3.8958,34.6889,3141250048.0,1.1755,0.932,0.1068,False,True,False,False,True,False,0
BHP,BHP Group,81.68,224871464.0,46.1,69.2768,79.7412,81.4828,83.0813,-1.4032,-0.9768,False,False,False,False,False,False,4.2918,19.0315,8137124864.0,0.5264,1.649,0.0636,False,True,True,True,True,False,0
CX,Cemex SAB,12.48,52301825.0,52.07,11.4749,12.027,12.2929,12.3533,-0.0751,-0.0946,False,False,False,False,False,False,4.3515,2.868,1076206208.0,0.4639,0.865,0.4894,False,True,True,False,True,False,0
NOK,Nokia Corp,12.44,1193646338.0,44.36,8.7852,11.464,12.6223,13.1582,-0.4763,-0.3506,False,False,False,False,False,False,4.4466,2.7976,1597124992.0,0.1563,1.567,-0.0387,False,True,True,True,False,False,0
SNA,Snap-on Inc,401.94,138604151.0,57.75,362.0071,377.4818,402.2728,396.0777,7.0782,7.2769,False,False,False,False,False,False,4.5537,88.2658,1048337472.0,0.2173,3.528,0.1184,False,True,True,True,True,False,0
KB,KB Financial Group,123.19,38866541.0,69.47,96.7775,106.099,113.3021,109.2349,3.1963,1.23,False,False,False,False,False,False,4.908,25.0999,,,,0.0271,False,False,False,False,True,False,0
XYZ,Block Inc,77.3,423372139.0,56.4,67.3727,68.863,77.0422,75.4982,1.7212,1.6869,False,False,False,False,False,False,5.1293,15.0703,-794561728.0,0.3751,1.986,0.078,False,False,True,True,True,False,0
GRMN,Garmin Ltd,243.11,199577451.0,55.06,227.9834,240.4786,242.1185,239.7412,1.8592,0.8308,False,False,False,False,False,False,5.6634,42.9263,810156096.0,0.0233,4.361,0.1303,False,True,True,True,True,False,0
DD,DuPont de Nemours,134.68,194602780.0,81.34,48.5189,60.492,130.719,108.5897,23.3573,21.6514,False,False,False,False,False,True,5.9457,22.6515,-124750000.0,0.2259,2.683,-0.7567,False,False,True,True,False,False,0
BK,Bank of New York Mellon,143.56,624318713.0,53.76,120.3604,129.2623,144.3974,142.7369,2.1488,2.4236,False,False,False,False,False,False,6.1547,22.2853,,,,0.157,False,False,False,False,True,False,0
INTC,Intel Corp,109.84,15207085479.0,44.14,62.4187,88.4835,117.1517,119.4922,-0.1269,3.0271,False,False,False,False,False,False,6.4616,16.9988,-8301250048.0,0.3603,2.312,0.2357,False,False,True,True,True,False,0
AMZN,Amazon.com Inc,245.34,14100131817.0,50.6,233.3625,239.5,243.4684,243.7874,-1.5206,-3.1837,False,False,False,False,False,False,6.4824,37.8471,9806624768.0,0.533,1.177,0.4888,False,True,True,True,True,False,0
ABEV,Ambev SA,3.07,77770592.0,44.83,2.7786,3.0535,3.0769,3.1135,-0.0303,-0.0167,False,False,False,False,False,False,6.8027,0.4513,18203940864.0,0.0342,1.028,-0.1541,False,True,True,True,False,False,0
DE,Deere & Co,586.86,721467417.0,46.53,535.4505,580.2712,603.787,599.4372,7.2006,10.8497,False,False,False,False,False,False,7.3529,79.8131,1098749952.0,3.7602,2.213,0.1742,False,True,False,True,True,False,0
ADDYY,Adidas AG,104.09,5806048.0,59.81,93.0618,89.2029,103.8254,101.5728,2.8317,3.1204,False,False,False,False,False,False,7.4669,13.9402,,0.9375,1.351,0.094,False,False,True,True,True,False,0
META,Meta Platforms,669.21,11660896109.0,66.01,642.1184,610.1077,612.896,598.1138,8.6052,-2.4907,False,False,False,False,False,False,8.0108,83.5382,25558249472.0,0.3561,2.348,0.1735,False,True,True,True,True,False,0
AXP,American Express,350.58,1055299274.0,60.5,337.3712,317.34,345.7776,339.3369,7.2967,7.404,False,False,False,False,False,False,8.2576,42.4556,,1.7785,1.574,0.0985,False,False,False,True,True,False,0
HSBC,HSBC Holdings,99.09,118171097.0,62.25,81.1287,89.2756,97.0297,95.4689,1.6043,1.3497,False,False,False,False,False,False,8.3441,11.8754,,,,0.0726,False,False,False,False,True,False,0
FMX,Fomento Economico Mexicano,127.66,68717329.0,54.28,108.6625,118.2686,127.9602,126.8194,1.5083,1.7571,False,False,False,False,False,False,8.7513,14.5875,159328321536.0,0.8758,1.156,-0.3419,False,True,True,True,False,False,0
UNP,Union Pacific Corp,286.96,658874441.0,68.64,244.7891,260.5803,280.1555,274.293,5.2977,3.4134,False,False,False,False,False,False,8.7734,32.708,4034374912.0,1.6225,0.916,0.0934,False,True,False,False,True,False,0
SCHW,Charles Schwab,103.12,1044436423.0,74.09,94.6568,92.4923,99.1631,95.6416,3.1146,1.9662,False,False,False,False,False,True,8.8842,11.6072,,1.2077,0.632,0.2046,False,False,False,False,True,False,0
KOF,Coca-Cola FEMSA,104.21,15386892.0,44.38,98.4926,104.0807,105.481,106.0706,-0.3459,0.0631,False,False,False,False,False,False,9.1824,11.3489,26122770432.0,0.6524,1.1,0.0552,False,True,True,True,True,False,0
ROKU,Roku Inc,140.69,1133904294.0,60.96,107.9105,117.898,139.6953,136.6332,3.6602,3.8152,False,False,False,False,False,False,9.6981,14.5069,679980608.0,0.1876,2.91,0.031,False,True,True,True,True,False,0
GOOGL,Alphabet Inc,357.18,12083888855.0,47.11,318.6912,344.1137,359.1504,360.1188,-1.7799,-2.9672,False,False,False,False,False,False,9.8294,36.3378,27921750016.0,0.2003,1.922,0.3025,False,True,True,True,True,False,0
BIIB,Biogen Inc,199.15,251983401.0,47.02,179.1192,191.1035,204.0998,203.0753,2.1386,3.5368,False,False,False,False,False,False,11.1209,17.9077,1930925056.0,0.3518,3.065,3.7393,False,True,True,True,True,False,0
ROST,Ross Stores,222.88,727437286.0,51.3,195.5769,221.2123,218.4231,221.0321,-2.6914,-2.6303,False,False,False,False,False,False,11.3483,19.64,2047583488.0,0.7491,1.541,0.1231,False,True,True,True,True,False,0
DAL,Delta Air Lines,87.39,737331008.0,53.59,68.6672,73.8032,89.1355,87.2789,2.706,3.4991,False,False,False,False,False,False,11.383,7.6772,3093374976.0,1.0502,0.418,,False,True,False,False,False,False,0
TWLO,Twilio Inc,214.56,384350248.0,61.78,142.6258,167.181,210.0716,204.5413,5.431,3.7688,False,False,False,False,False,False,12.2288,17.5455,879865344.0,0.1372,4.656,-0.0105,False,True,True,True,False,False,0
PSO,Pearson PLC,16.91,11136803.0,76.16,13.8249,14.4536,16.5124,15.9987,0.4875,0.3531,False,False,False,False,False,True,12.5929,1.3428,863750016.0,0.4051,1.998,-0.3686,False,True,True,True,False,False,0
NTES,NetEase Inc,128.03,123660142.0,54.57,127.8781,117.5829,129.2515,126.2353,3.0152,2.4447,False,False,False,False,False,False,17.668,7.2464,34148839424.0,0.0647,3.285,0.1692,False,True,True,True,True,False,0
QCOM,Qualcomm Inc,189.16,3972407930.0,45.5,167.9418,174.7087,189.1201,196.1896,-6.4057,-5.0939,False,False,False,False,False,False,17.9002,10.5675,9589624832.0,0.5598,2.366,-0.3887,False,True,True,True,False,False,0
GLW,Corning Inc,190.89,3258709684.0,47.92,129.6533,169.731,197.7353,198.3472,1.9433,5.5818,False,False,False,True,False,False,19.9822,9.553,612000000.0,0.8036,1.61,0.144,False,True,True,True,True,False,0
AMX,America Movil,26.01,32047166.0,48.6,23.6769,25.776,26.0612,26.1085,-0.0387,-0.0214,False,False,False,False,False,False,20.5976,1.2628,140285067264.0,1.7087,0.72,-0.073,False,True,False,False,False,False,0
SIEGY,Siemens AG,155.97,25100786.0,50.89,142.8289,144.0295,155.8698,155.6904,0.4828,0.7365,False,False,False,False,False,False,21.8893,7.1254,-312375008.0,0.7635,1.393,-0.0886,False,False,True,True,False,False,0
AMAT,Applied Materials,602.5,7642317382.0,54.03,348.8045,445.2637,600.6508,586.1621,25.4165,37.1735,False,False,False,False,False,False,24.7815,24.3125,3040375040.0,0.304,2.508,0.0973,False,True,True,True,True,False,0
BB,BlackBerry Ltd,10.97,335206540.0,58.07,5.188,6.4775,11.1549,10.4624,0.8472,0.9136,False,False,False,False,False,False,28.1678,0.3895,105150000.0,0.2945,2.197,0.1329,False,True,True,True,True,False,0
NVDA,Nvidia Corp,210.96,28565947855.0,57.03,191.6205,196.7344,201.9894,202.8625,-1.7061,-2.9544,False,False,False,False,False,False,30.8801,6.8316,46335873024.0,0.0655,3.441,0.8158,False,True,True,True,True,False,0
CAT,Caterpillar Inc,952.41,3722076687.0,49.92,708.2181,838.554,963.7388,960.5264,11.7134,22.2244,False,False,False,False,False,False,31.8091,29.9414,3776624896.0,2.3079,1.353,0.1375,False,True,False,True,True,False,0
RACE,Ferrari NV,376.64,174477662.0,57.03,370.26,349.5463,375.7376,367.795,8.4212,7.7518,False,False,False,False,False,False,37.8742,9.9445,985850240.0,0.7225,2.569,0.2329,False,True,True,True,True,False,0
AMD,Advanced Micro Devices,557.89,15515436130.0,57.29,287.5049,370.707,537.122,523.6075,18.4857,21.0058,False,False,False,False,False,False,41.9845,13.288,7173374976.0,0.06,2.725,0.534,False,True,True,True,True,False,0
AAPL,Apple Inc,315.32,18171458101.0,63.01,272.2742,281.2121,307.4327,301.8213,4.6212,1.9082,False,False,False,False,False,False,43.4325,7.26,101090746368.0,0.7955,1.07,0.2947,False,True,True,True,True,False,0
EA,Electronic Arts,206.41,410422027.0,69.58,201.498,202.1588,205.4717,204.541,0.957,0.8279,False,False,False,False,False,False,43.8186,4.7106,2219124992.0,0.2741,1.046,0.6471,False,True,True,True,True,False,0
LRCX,Lam Research,350.33,5196171182.0,49.19,227.9549,284.9747,357.128,358.4612,5.0052,13.2656,False,False,False,False,False,False,50.6869,6.9116,4352341504.0,0.3528,2.536,0.1887,False,True,True,True,True,False,0
ARM,ARM Holdings PLC,323.39,3636669485.0,48.12,181.2187,238.1595,326.0062,335.3514,-2.493,6.4406,False,False,False,False,False,False,53.4919,6.0456,750499968.0,0.0593,5.996,0.2693,False,True,True,True,True,False,0
LLY,Eli Lilly & Co,1188.58,3441671620.0,57.47,995.0672,1027.6141,1198.5978,1167.5381,36.4164,37.2,False,False,False,False,False,False,63.9926,18.5737,9156599808.0,1.3901,1.497,5.0424,False,True,False,True,True,False,0
GE,GE Aerospace,359.27,1618970303.0,55.91,310.7217,316.4991,364.0852,356.5381,10.7367,13.7297,False,False,False,False,False,False,71.9179,4.9956,5667999744.0,1.1653,1.008,-0.1766,False,True,False,True,False,False,0
ADP,Automatic Data Processing,241.92,636640670.0,64.07,236.4972,215.2732,237.461,231.1748,6.0,4.3553,False,False,False,False,False,False,72.0107,3.3595,4749387264.0,0.6926,1.043,0.5286,False,True,True,True,True,False,0
MRK,Merck & Co,123.54,1385160489.0,52.48,107.507,118.1862,125.4474,123.2314,2.5562,2.6906,False,False,False,False,False,False,80.5009,1.5346,14049250304.0,1.0694,1.299,-0.4748,False,True,False,True,False,False,0
KO,Coca-Cola Co,83.49,1577867391.0,58.2,74.2336,78.8682,82.8105,81.8522,1.0,0.8711,False,False,False,False,False,False,82.8616,1.0076,3124250112.0,1.2494,1.358,,False,True,False,True,False,False,0
TSM,Taiwan Semiconductor,434.11,6042126473.0,49.93,347.3441,390.9623,439.3164,437.1191,4.6855,7.3244,False,False,False,False,False,False,98.8094,4.3934,719158444032.0,0.1845,2.488,0.2637,False,True,True,True,True,False,0
HWM,Howmet Aerospace,270.85,883434334.0,52.42,229.6164,254.0628,272.2681,269.945,3.1387,3.7596,False,False,False,False,False,False,120.4618,2.2484,1192749952.0,0.8779,2.444,61.4286,False,True,True,True,True,False,0
MRVL,Marvell Technology,235.81,13776560951.0,45.72,126.599,174.8078,248.9256,255.7555,-0.3364,8.4652,False,False,False,False,False,False,135.6956,1.7378,2269700096.0,0.2897,3.278,,False,True,True,True,False,False,0
SNOW,Snowflake Inc,261.45,1570836169.0,65.07,207.5146,187.9095,258.3339,246.5963,13.9237,14.1458,False,False,False,False,False,False,246.1595,1.0621,1739497728.0,1.4291,1.053,-0.7609,False,True,False,True,False,False,0
EBAY,eBay Inc,117.2,343903434.0,65.68,94.6706,103.0465,114.3279,112.1079,1.9817,1.177,False,False,False,False,False,False,369.4481,0.3172,1200375040.0,1.6333,1.219,-0.8335,False,True,False,True,False,False,0
MMM,3M Co,157.52,534387025.0,49.06,157.45,151.886,158.4126,158.5664,0.7504,1.9702,False,False,False,False,False,False,,,2322374912.0,3.965,1.594,,False,True,False,True,False,False,0
ABBV,AbbVie Inc,248.08,2205973602.0,60.38,221.9279,220.306,249.8041,241.9146,8.9265,9.0398,False,False,False,False,False,False,,,20811624448.0,,0.796,,False,True,False,False,False,False,0
MO,Altria Group,71.79,556511002.0,51.83,63.8445,68.7798,72.1005,71.6463,0.5716,0.6391,False,False,False,False,False,False,,,8542875136.0,,0.619,,False,True,False,False,False,False,0
AAL,American Airlines,16.95,2449797882.0,58.4,13.4625,13.276,17.1507,16.5408,0.8113,0.9764,False,False,False,False,False,False,,,861124992.0,,0.492,,False,True,False,False,False,False,0
AMGN,Amgen Inc,363.39,1007108433.0,58.61,335.6636,350.5623,363.3653,357.026,6.6961,6.2029,False,False,False,False,False,False,,,7436624896.0,6.2375,1.261,,False,True,False,True,False,False,0
ADI,Analog Devices,395.65,2090523346.0,48.3,320.2032,374.0612,392.358,398.9758,-5.6646,-3.8525,False,False,False,False,False,False,,,3868954624.0,0.2581,1.752,,False,True,True,True,False,False,0
BAYRY,Bayer AG,14.27,11169428.0,71.14,10.7384,11.5265,13.9827,12.9396,1.0158,0.8238,False,False,False,False,False,True,,,7314874880.0,1.3427,1.055,,False,True,False,True,False,False,0
BRK-B,Berkshire Hathaway B,493.71,2430910032.0,50.78,490.4263,485.202,497.6333,494.6239,3.8749,4.5949,False,False,False,False,False,False,,,61228249088.0,0.1767,2.876,0.1313,False,True,True,True,True,False,0
BA,Boeing,222.28,1223109670.0,49.76,218.6456,219.724,224.0004,222.7327,1.0072,0.4822,False,False,False,False,False,False,,,2554249984.0,8.287,1.176,,False,True,False,True,False,False,0
AVGO,Broadcom Inc,399.97,10761547104.0,53.68,361.7679,376.9032,385.256,387.5699,-4.792,-8.3457,False,False,False,False,False,False,,,27212249088.0,0.7402,2.238,,False,True,True,True,False,False,0
CAH,Cardinal Health,235.8,563704456.0,63.97,202.7674,212.7431,235.72,229.6689,7.3889,8.2243,False,False,False,False,False,False,,,4849999872.0,,0.907,,False,True,False,False,False,False,0
CSCO,Cisco Systems,121.31,2889005165.0,57.98,85.6782,99.2733,116.7725,116.939,0.3772,0.7583,False,False,False,False,False,False,,,9288375296.0,0.6754,0.925,,False,True,True,False,False,False,0
CL,Colgate-Palmolive,92.24,442239115.0,53.32,84.8074,89.0495,92.5078,91.5772,1.0908,1.1521,False,False,False,False,False,False,,,3319500032.0,16.4054,1.025,,False,True,False,True,False,False,0
XLY,Consumer Discretionary Select Sector ETF,117.24,954125524.0,51.63,117.2381,115.3789,116.7676,116.6735,-0.0017,-0.1558,False,False,False,False,False,False,,,,,,,False,False,False,False,False,False,0
CVS,CVS Health,104.15,795368461.0,61.52,81.9428,87.2544,103.5192,101.5957,2.5467,2.9372,False,False,False,False,False,False,,,5201625088.0,1.0091,0.866,,False,True,False,False,False,False,0
EONGY,E.ON SE,21.67,3531927.0,58.19,20.391,21.6521,21.3681,21.1192,0.1442,-0.038,False,False,False,False,False,False,,,-3405900032.0,1.5002,0.95,,False,False,False,False,False,False,0
ETSY,Etsy Inc,81.05,213433581.0,66.54,60.844,62.737,77.3704,74.8136,2.9585,2.9669,False,False,False,False,False,False,,,165655504.0,,1.689,,False,True,False,True,False,False,0
XLV,Health Care Select Sector ETF,160.84,1684361850.0,60.12,150.2745,150.507,160.8346,157.706,3.3029,3.0039,False,False,False,False,False,False,,,,,,,False,False,False,False,False,False,0
HPQ,HP Inc,24.22,354959222.0,57.39,22.2185,21.4839,23.38,23.3915,-0.0163,-0.0927,False,False,False,False,False,False,,,3450874880.0,,0.794,,False,True,False,False,False,False,0
XLI,Industrial Select Sector ETF,181.92,1348909729.0,54.61,164.8308,172.6372,182.0602,180.56,1.946,2.2945,False,False,False,False,False,False,,,,,,,False,False,False,False,False,False,0
IBM,IBM,287.56,2163849303.0,55.4,273.8926,253.5183,289.939,281.3328,8.7924,7.2449,False,False,False,False,False,False,,,13080750080.0,2.1117,0.796,,False,True,False,False,False,False,0
IFF,Intl Flavors & Fragrances,77.53,147643903.0,50.04,70.3708,74.6169,79.114,77.9953,1.264,1.2889,False,False,False,False,False,False,,,3702625024.0,0.457,1.492,,False,True,True,True,False,False,0
RSP,Invesco S&P 500 Equal Weight ETF,214.3,2086856700.0,60.27,197.0234,203.0002,213.3388,211.8259,1.776,1.7985,False,False,False,False,False,False,,,,,,,False,False,False,False,False,False,0
SPY,SPDR S&P 500 ETF Trust,754.95,41635243726.0,59.6,692.3406,709.8182,747.6666,744.1266,3.6143,2.6261,False,False,False,False,False,False,,,,,,,False,False,False,False,False,False,0
IEUR,iShares Core MSCI Europe ETF,75.13,75698513.0,53.64,71.612,72.9872,75.0795,74.7347,0.3892,0.3807,False,False,False,False,False,False,,,,,,,False,False,False,False,False,False,0
IBB,iShares NASDAQ Biotechnology ETF,192.06,319466882.0,64.18,168.3574,172.4012,192.5331,185.9473,6.6884,5.7904,False,False,False,False,False,False,,,,,,,False,False,False,False,False,False,0
IVE,iShares S&P 500 Value ETF,230.49,172267136.0,62.39,215.6058,220.9913,229.2921,228.0532,1.3088,1.1126,False,False,False,False,False,False,,,,,,,False,False,False,False,False,False,0
JNJ,Johnson & Johnson,256.98,2051472394.0,60.55,220.0312,237.6555,257.3108,249.7004,7.8252,6.9194,False,False,False,False,False,False,,,12511375360.0,0.6773,1.025,,False,True,True,True,False,False,0
JCI,Johnson Controls,142.81,673491576.0,51.01,127.794,138.8441,141.9053,142.223,-0.0826,0.2486,False,False,False,False,False,False,,,2870374912.0,0.7032,1.036,,False,True,True,True,False,False,0
KMB,Kimberly-Clark,112.41,502178384.0,63.09,103.2266,101.0097,110.9953,107.7303,3.5374,3.3803,False,False,False,False,False,False,,,1054625024.0,3.7126,0.766,,False,True,False,False,False,False,0
XLB,Materials Select Sector ETF,50.89,599088596.0,47.94,48.2663,50.8718,51.004,51.1644,-0.1015,0.0087,False,False,False,True,False,False,,,,,,,False,False,False,False,False,False,0
NVS,Novartis AG,154.05,323242129.0,51.89,141.9026,151.6865,155.076,153.7167,1.5696,1.6712,False,False,False,False,False,False,,,12024750080.0,1.2073,0.848,,False,True,False,False,False,False,0
PM,Philip Morris International,181.62,943142848.0,51.33,166.2307,173.6479,182.5478,181.2683,1.3518,1.1375,False,False,False,False,False,False,,,8575249920.0,,0.976,,False,True,False,False,False,False,0
PBI,Pitney Bowes,18.33,51024495.0,66.09,12.138,14.3071,17.5368,17.2658,0.3558,0.3864,False,False,False,False,False,False,,,254778624.0,,0.621,,False,True,False,False,False,False,0
XLRE,Real Estate Select Sector ETF,44.45,238672284.0,50.42,42.0804,43.4994,44.4267,44.4393,0.0275,0.0729,False,False,False,False,False,False,,,,,,,False,False,False,False,False,False,0
RTX,RTX Corporation,195.93,922685259.0,60.32,184.3143,189.037,194.7402,190.4344,4.3422,3.7618,False,False,False,False,False,False,,,7233375232.0,0.5723,1.024,,False,True,True,True,False,False,0
SBUX,Starbucks Corp,106.01,735804413.0,60.68,92.7916,99.6277,104.2235,102.9104,1.2053,0.8312,False,False,False,False,False,False,,,-1304087552.0,,0.922,,False,False,False,False,False,False,0
SYY,Sysco Corp,83.83,296040978.0,63.75,77.798,78.773,83.0198,81.3572,1.8576,1.8531,False,False,False,False,False,False,,,1868375040.0,6.7044,1.329,,False,True,False,True,False,False,0
XLK,Technology Select Sector ETF,185.78,2151314298.0,52.77,152.5674,162.982,183.9299,183.9609,0.6664,1.2786,False,False,False,False,False,False,,,,,,,False,False,False,False,False,False,0
TMO,Thermo Fisher Scientific,527.05,986655002.0,65.07,526.9532,484.8711,514.518,500.8476,13.1883,10.3923,False,False,False,False,False,False,,,5520625152.0,0.829,1.526,,False,True,True,True,False,False,0
TRIP,Tripadvisor Inc,13.98,53705414.0,63.0,12.9234,11.279,13.5811,13.0887,0.5863,0.6264,False,False,False,False,False,False,,,181087504.0,1.9979,1.249,,False,True,False,True,False,False,0
UNH,UnitedHealth Group,424.62,2434204685.0,59.39,336.981,351.6013,423.4786,414.7981,10.3983,10.6991,False,False,False,False,False,False,,,17687500800.0,0.7398,0.798,,False,True,True,False,False,False,0
VEA,Vanguard FTSE Developed Markets ETF,70.99,933154971.0,51.62,65.126,68.3098,70.8606,70.812,0.1412,0.2269,False,False,False,False,False,False,,,,,,,False,False,False,False,False,False,0
VRSN,VeriSign Inc,270.11,212162739.0,52.16,256.1621,266.6476,264.2464,266.2946,-3.8301,-6.2511,False,False,False,False,False,False,,,807275008.0,,0.462,,False,True,False,False,False,False,0
V,Visa Inc,348.97,3013633914.0,60.57,328.6051,320.9543,347.6757,340.5618,7.3659,6.5342,False,False,False,False,False,False,,,20839749632.0,0.6723,1.088,,False,True,True,True,False,False,0
XRX,Xerox Holdings,2.82,11342863.0,44.47,2.493,2.3257,2.8782,2.9836,-0.0549,0.0185,False,False,False,False,False,False,,,550374976.0,8.4045,1.181,,False,True,False,True,False,False,0
